"","hostnames","hostcount"
"3846","Melanie Crutchfield",331
"3154","Leonhart",142
"2455","Sushmita",87
"1388","Vicky Twomey-Lee",80
"2453","Glenda Pinho",79
"2050","Irma Kramer",74
"4447","Lynn Root",72
"3159","carlyn",65
"1029","Lorena Mesa",61
"3546","Elo Elias",56
"3571","Wendy Grus",56
"1121","姿君 (Kelly)",55
"1571","Mei Li ",54
"1125","MarsW",51
"1127","卓家璘",51
"759","Linda Peng",50
"554","Brianna Laugher (PyLadiesMEL)",48
"760","Bethany Garcia",48
"1480","Jackie Kazil",45
"2454","Leah Ellis-Clemons",45
"2452","Dr. Tanushree Naik",44
"2592","Olivia L. ",43
"4450","Paula Alves",43
"293","Santa Cruz PyLadies",41
"2670","Roxanne Johnson",40
"4508","Rachel Sanders",40
"221","Elena Oat",39
"1498","Katie Cunningham",39
"2087","Sara",39
"3547","Marna Marteeny",38
"52","María Medina",34
"160","Rachell",33
"1794","Reshama Shaikh",32
"1910","Emily Chen",32
"2593","Dana Engebretson",32
"59","Mabel Delgado",31
"294","Kathleen Tuite",31
"1581","jessica Greene",31
"1950","Kat Chuang",31
"1797","Melissa Ferrari",29
"2179","Jess F",29
"3848","Katherine",28
"159","Jace Browning",26
"681","Elaine Wong",26
"698","Catherine Sawatzky",25
"3544","Christy",25
"3","Françoise",24
"1769","Jes Ford",24
"2109","Kate MacInnis",24
"4446","Michelle Glauser",24
"1579","Katyanna Moura",23
"2696","Carole Jesse",23
"410","Paige Bailey",22
"51","Alicia Pérez",21
"366","Lesly",21
"864","Laura Pérez Mayos",21
"1128","Anna Yen",21
"1798","Antonia Blair",21
"2051","Rachel Bentley",21
"4457","Erin Yaylali",21
"863","Núria Pujol",20
"1956","Tobi Bosede",20
"3556","Maria Patterson",20
"3638","Erin Shellman",18
"235","Tuikku Anttila",17
"649","Oxana Sachenkova",17
"1735","Johanna Weinsziehr",17
"2692","Moni Francesca",17
"3567","Jan Sheehan",17
"4525","Liz S",17
"4683","Pamela",17
"1134","Wally Liu",16
"1664","Agata Migalska",16
"3568","Kendra",16
"50","Vicky Cortes Miguel",15
"464","Meghan H",15
"539","Christie Wilson",15
"1930","Katya Vasilaky",15
"4449","Dwight Hubbard",15
"476","Holly Becker",14
"1360","Kelly Chang",14
"4616","Lesley Ryan",14
"4618","Sharon",14
"912","Aleta",13
"440","Leslie Ray",12
"2110","Mazhalai (Maddy)",12
"2677","Michelle Cohrene Funk",12
"702","user 10747196",11
"911","Christine Doig",11
"1031","Sand Ip",11
"1576","Paloma Oiveira",11
"1872","Celia La",11
"4495","Lucy Chen",11
"465","Mariatta",10
"628","Danielle Jabin",10
"967","Camilla Montonen",10
"1796","Felice Ho",10
"2594","Keerthi Pamulaparthy",10
"4636","Sri",10
"15","Neda",9
"239","Antti Vähäkotamäki",9
"432","Charlotte",9
"957","Ana Balica",9
"1004","Justine",9
"1148","Mika",9
"4524","Dominica Phetteplace",9
"512","Caroline Liu",8
"867","Natàlia Padilla",8
"1711","Betty Kalogeropoulou",8
"3545","YeeMey S",8
"4682","Jennifer Romanek",8
"369","Wanjun",7
"488","Maris Lemba",7
"963","Jessica Leivers",7
"1129","Po-Ying Fu",7
"1374","Joannie Huang",7
"1795","Nitya",7
"1932","Christie E",7
"367","Aditi",6
"368","Jennifer Watt",6
"466","small yellow duck",6
"611","Christine Winter",6
"618","Eleonore Mayola",6
"638","Beatrice Åkerblom",6
"942","Anna",6
"1136","GT Chang",6
"1142","Huilan",6
"1736","Patricia",6
"1","Julie Lewis",5
"145","PyLadies Madrid",5
"474","Eliza Sarobhasa",5
"639","Liga Viskinte",5
"659","Lina Flitig",5
"680","Mahshad",5
"1078","Jess",5
"1093","Celeen Rusk",5
"1130","陳龜珍",5
"1209","Jamie Wei",5
"2784","Chaina (Shayna)",5
"4592","Tammy",5
"4732","Lori W",5
"498","Aliya Hassam",4
"556","Gala",4
"859","alex",4
"945","Gisela Rossi",4
"1141","Kate Lizzie",4
"1384","PyLadies Taiwan",4
"1389","Lei",4
"1614","Eika",4
"1907","Samantha Falk",4
"1924","NYC PyLadies",4
"2176","Ashley McNamara",4
"3587","Emily Spahn",4
"19","Nilovna Bascunan-Vasquez",3
"219","Manvisha Kodali",3
"252","Wouter van Heijst",3
"396","Amanda Shih",3
"445","Mel Wilson",3
"448","Suzy Stiegelmeyer",3
"469","Karey Shumansky",3
"678","Selina",3
"948","Luna Chen",3
"1016","Marta Maria Casetti",3
"1474","Rumby Wilson",3
"1573","Heike Q.",3
"1615","TiNg",3
"1640","Zissi",3
"1697","Paola",3
"1810","Eugenia",3
"1866","Sam Bail",3
"3160","Esther",3
"4454","Amy Hubbard",3
"38","Julia Evans",2
"490","Jill Cates",2
"560","Rosemary",2
"625","Giulia",2
"689","Iara Ribeiro",2
"789","Dana",2
"899","Quing Wen He",2
"1032","Aly Sivji",2
"1047","Deborah Harris",2
"1227","Angela Chang",2
"1380","姿姿",2
"1475","Raven",2
"1491","Marta Alonso",2
"1492","Kathleen Burnett",2
"1570","Victoria Hodder",2
"1572","Marielle Dado",2
"1706","Marie",2
"1719","Vanesa Ortiz",2
"1728","Ellen König",2
"1811","Anuja Kelkar",2
"1815","Prithvi Gandhi",2
"1823","Mo Ahmed",2
"1825","Jon Banafato",2
"1826","Dan Crosta",2
"1889","Yisselda Rhoc",2
"1979","Sarah Guido",2
"2042","Cassandra Dunlop",2
"2206","Ashley DaSilva",2
"2778","Pam Rose",2
"2792","Linnea Damer",2
"3970","Hayley Denbraver",2
"4607","Jennifer Gilbert",2
"7","Trish Gillett",1
"12","Alpa Shah",1
"14","Blanca Mancilla",1
"16","Nicole P.",1
"20","Reem Z",1
"49","Clara Piniella Martínez",1
"71","Irene P.E.",1
"76","Marta Rivera",1
"155","Claudia Guirao Fernández",1
"218","Munira",1
"258","Jason Robinson",1
"263","Elina Söderblom",1
"266","Samuel Husso",1
"299","Sue Dayton",1
"391","Erica",1
"434","Elizabeth Patterson",1
"447","Rebecca Conley",1
"456","Anna D",1
"457","Gunes",1
"458","Mary Sipple",1
"468","Karey",1
"564","Lydia Peabody",1
"574","Maree",1
"605","Sarah Lynch",1
"616","Jessica",1
"623","Eveline Visee",1
"624","Anna Engman",1
"627","Helena Storvall",1
"633","Mariana Bocoi",1
"635","Sofia Fröman",1
"637","Sam Lam",1
"645","Ana Hristova",1
"660","Linnéa Löfdahl",1
"871","David Arcos",1
"874","Eloi Puertas",1
"889","Uxue Lazcano Dobao",1
"891","Elisabeth Ortega",1
"943","Conrad Ho",1
"944","Marco Bonzanini",1
"1001","Tammy M",1
"1036","Smitha Shivakumar",1
"1044","Palak Gandhi",1
"1086","Hector Rios",1
"1116","Adam Forsyth",1
"1117","Tanya Schlusser",1
"1118","Catherine Vongsathorn",1
"1284","Alicia Tsai",1
"1379","imacat",1
"1443","Grazia DAversa",1
"1448","Serena Fritsch",1
"1479","Portia Burton",1
"1481","Angela Ambroz",1
"1569","Mika Naylor",1
"1598","Huai-Wen Mia Chang",1
"1604","Avaré Stewart",1
"1609","Christian Barra",1
"1611","Adrin",1
"1699","Irina",1
"1705","Ines",1
"1739","Céline",1
"1793","Elisabeth Frost",1
"1809","Sarah Schattschneider ",1
"1816","Noemi Derzsy",1
"1840","A. Jesse Jiryu Davis",1
"1849","Cecelia Shao",1
"1857","Renee",1
"1859","Piper Thunstrom",1
"1875","Gerry Song",1
"1915","(jac)kie",1
"1920","Laura Hampton",1
"2038","Sean O'Connor",1
"2047","Zanab Hussain",1
"2126","Meghann",1
"2178","Jennifer Davis",1
"2201","Jaya Z",1
"2218","Kacie Houser",1
"2658","Cyndy",1
"2666","Valerie Lockhart",1
"2668","Sarah Olson",1
"2680","Peter Farrell",1
"2694","PyLadiesTC",1
"2781","Beth Korth",1
"2782","Carol Naslund Willing",1
"2786","A",1
"3626","Don Sheu",1
"3629","Amanda Schaffer",1
"3961","Rebecca ",1
"4018","Rise Riyo",1
"4045","Kendall",1
"4453","Avery Spiel",1
"4458","Hy Carrel",1
"4472","Melinda Po",1
"4578","Sanghamitra Deb",1
"4581","Pooja Gada",1
"4680","ipsheeta",1
